data,solver,voh,nodes,backtrack,runtime
./data/d-10-01.txt,BT,1,599394,158072,2.76472
./data/d-10-01.txt,BT,2,543820,138702,4.83674
./data/d-10-01.txt,BT,3,749843,194024,5.10063
./data/d-10-01.txt,BT,4,4159,1160,0.052746
